{
    "winning_model": "Logistic Regression",
    "metrics": {
        "Logistic Regression": {
            "accuracy": 0.8559999999999999,
            "precision": 0.8577640866601467,
            "recall": 0.8554367201426025,
            "f1_score": 0.8549995339707435,
            "confusion_matrix": [
                [
                    142,
                    23,
                    0
                ],
                [
                    23,
                    131,
                    11
                ],
                [
                    0,
                    15,
                    155
                ]
            ]
        },
        "Decision Tree": {
            "accuracy": 0.6940000000000001,
            "precision": 0.6998626767110541,
            "recall": 0.6928698752228164,
            "f1_score": 0.6938820380926652,
            "confusion_matrix": [
                [
                    116,
                    47,
                    2
                ],
                [
                    36,
                    94,
                    35
                ],
                [
                    2,
                    31,
                    137
                ]
            ]
        },
        "Random Forest": {
            "accuracy": 0.79,
            "precision": 0.7919302197451982,
            "recall": 0.789364230540701,
            "f1_score": 0.7897086283742448,
            "confusion_matrix": [
                [
                    134,
                    30,
                    1
                ],
                [
                    24,
                    116,
                    25
                ],
                [
                    0,
                    25,
                    145
                ]
            ]
        },
        "KNN": {
            "accuracy": 0.8019999999999999,
            "precision": 0.8081360568733583,
            "recall": 0.8016042780748662,
            "f1_score": 0.8028726993599354,
            "confusion_matrix": [
                [
                    136,
                    28,
                    1
                ],
                [
                    25,
                    122,
                    18
                ],
                [
                    1,
                    26,
                    143
                ]
            ]
        }
    }
}